Name,Tags,URL
,,
,,
,,
AIGC Weekly #12 GPT-4要来了？ | AIGC周刊,,https://op7418.zhubai.love/posts/2246868665025081344
AIGC Weekly #13 奇点来临？ | AIGC周刊,,https://op7418.zhubai.love/posts/2249568762112069632
Midjourney V5 AI绘图神器：深度剖析与评测，限时领取8K超高清壁纸包 | AIGC周刊,,https://op7418.zhubai.love/posts/2249407472890859520
AIGC Weekly #11 ChatGPT API发布 | AIGC周刊,,https://op7418.zhubai.love/posts/2244331214758957056
AIGC Weekly #10 传统互联网产品加入AI竞赛 | AIGC周刊,,https://op7418.zhubai.love/posts/2241795361377546240
打造你的赛博 Coser #2 没有好电脑也想玩？Colab部署StableDiffusion保姆级教程 | AIGC周刊,,https://op7418.zhubai.love/posts/2239983151969951744
AIGC Weekly #09 赛博Coser与新Bing开始发力 | AIGC周刊,,https://op7418.zhubai.love/posts/2239263194952978432
打造你的赛博 Coser-StableDiffusion模型及 LoRA 插件保姆级教程。 | AIGC周刊,,https://op7418.zhubai.love/posts/2238998671356555264
AIGC Weekly #08 有人欢喜有人愁 | AIGC周刊,,https://op7418.zhubai.love/posts/2236788458481958912
AIGC Weekly #07 ChatGPT用户突破1亿 | AIGC周刊,,https://op7418.zhubai.love/posts/2234364128284303360
AIGC Weekly #06 | AIGC周刊,,https://op7418.zhubai.love/posts/2231725192567283712
AIGC周刊#05 新年快乐 | AIGC周刊,,https://op7418.zhubai.love/posts/2222039449645371392
AIGC周刊 #04 Merry Christmas | AIGC周刊,,https://op7418.zhubai.love/posts/2218968829344878592
AIGC周刊 #03 艺术家与技术 | AIGC周刊,,https://op7418.zhubai.love/posts/2216442187011874816
AIGC周刊 #02 还是Chat GPT | AIGC周刊,,https://op7418.zhubai.love/posts/2213903650001543168
AIGC周刊#01 ChatGPT带来的改变 | AIGC周刊,,https://op7418.zhubai.love/posts/2211215703804801024